station_abbr;reference_timestamp;tre200d0;tre200dx;tre200dn;tre005d0;tre005dx;tre005dn;ure200d0;pva200d0;prestad0;pp0qffd0;ppz850d0;ppz700d0;pp0qnhd0;fkl010d0;fkl010d1;fu3010d0;fu3010d1;fkl010d3;fu3010d3;wcc006d0;rre150d0;rka150d0;htoautd0;gre000d0;oli000d0;olo000d0;osr000d0;ods000d0;sre000d0;sremaxdv;erefaod0;xcd000d0;dkl010d0;xno000d0;xno012d0;rreetsd0;tso005d0;tso010d0;tso020d0
PAY;05.09.2026 00:00;22;28.6;16.3;21.5;34.5;12.8;60.3;15.6;965.9;1021.7;;;1024;1.6;7.3;5.8;26.3;7.1;25.6;;0;0;0;173;372;433;35;;294;39;3.4;3.7;333;0;0;-2.1;22.1;22;21.4
PAY;06.09.2026 00:00;20.4;28.1;13.4;21.3;33.8;10.7;73.5;17;966.7;1022.8;;;1024.7;1;4.7;3.6;16.9;4.6;16.6;;0;0;0;244;346;433;51;;733;98;3.5;2.1;360;0;0;-3;22.1;21.9;21.3
PAY;07.09.2026 00:00;22.7;30.4;16;22.6;35.7;13.3;68;18.3;965.3;1020.9;;;1023.3;1.2;7.5;4.3;27;7.4;26.6;;0;0;0;188;373;439;39;;440;59;3.3;4.4;180;0;0;-2.3;22.5;22.2;21.5
PAY;08.09.2026 00:00;24.1;33.6;15.6;24.2;36.1;12.8;57.7;15.9;957.4;1012.3;;;1015;3.1;25.1;11.2;90.4;24.2;87.1;;10.1;5.2;0;234;370;447;49;;685;93;5.3;5.8;222;0;0;0.9;22.5;22.2;21.6
PAY;09.09.2026 00:00;16;20.6;12.2;15.2;20.3;9.8;77.5;14;958.9;1015.5;;;1016.6;1.9;7.5;6.8;27;7.2;25.9;;2.7;7.6;0;66;359;398;12;;1;0;1.7;0;180;0;0;7.2;20;20.5;20.7
PAY;10.09.2026 00:00;14.3;19.3;9.9;14.1;24.4;6.4;72.9;11.6;960.6;1017.7;;;1018.4;2.3;11.1;8.3;40;10.9;39.2;;0;0;0;197;320;391;39;;366;50;2.7;0;62;0;0;-1.7;18;18.5;18.9
PAY;11.09.2026 00:00;14.8;21.6;8.5;15.1;27.6;5.8;73.1;11.6;964.4;1021.6;;;1022.4;1;8.9;3.6;32;8.5;30.6;;0;0;0;238;305;398;50;;650;90;2.8;0;90;0;0;-2.6;18.2;18.4;18.4
PAY;12.09.2026 00:00;15.4;24.1;7.7;15.5;29;4.5;69.3;11.4;967.3;1024.5;;;1025.4;1.1;6.2;4;22.3;6.1;22;;0;0;0;244;306;400;52;;713;100;3.1;0;27;0;0;-3.2;18.3;18.4;18.4
PAY;13.09.2026 00:00;17.5;25.2;9;17.9;30.1;5.7;69;13;967.5;1024.4;;;1025.7;1;7.3;3.6;26.3;7;25.2;;1.2;1.2;0;215;339;412;45;;544;76;2.9;0;56;0;0;-1.3;18.7;18.7;18.5
PAY;14.09.2026 00:00;19.1;25.9;14.4;19.8;32.2;11.1;78;16.7;967;1023.4;;;1025.1;1.1;4.9;4;17.6;4.8;17.3;;0;0;0;224;350;421;46;;578;82;3.1;0.8;40;0;0;-1.9;20.2;19.9;19.3
PAY;15.09.2026 00:00;20.1;29.1;12.1;20.7;34.1;9.3;67.5;15;962.8;1018.8;;;1020.7;1.4;6.2;5;22.3;6;21.6;;0;0;0;233;342;426;49;;708;100;3.5;1.8;221;0;0;-3.2;20.2;20;19.5
PAY;16.09.2026 00:00;17;22.1;10.6;16;28.4;7.2;72.9;14.1;961.1;1017.6;;;1018.9;1.4;6;5;21.6;5.9;21.2;;0.3;0.3;0;67;360;400;13;;95;14;1.6;0;248;0;0;-0.4;19.1;19.4;19.3
PAY;17.09.2026 00:00;14.5;21.4;7.6;15.5;28.1;4.5;67.6;10.6;960.6;1017.6;;;1018.4;1.1;5.4;4;19.4;5.3;19.1;;0;0;0;204;315;400;42;;557;80;2.5;0;180;0;0;-2.6;18;18.2;18.2
PAY;18.09.2026 00:00;15.9;22.2;10.6;16.1;29.3;7.2;63.9;11.1;960.9;1017.6;;;1018.7;1.4;7.9;5;28.4;7.7;27.7;;0;0;0;180;326;404;38;;403;58;2.6;0;231;0;0;-2.2;18.4;18.5;18.3
PAY;19.09.2026 00:00;15.4;24.3;8;16;30.6;5.5;68.9;11.3;966.3;1023.4;;;1024.3;0.8;4.4;2.9;15.8;4.3;15.5;;0;0;1;219;313;405;45;;633;92;2.6;0;135;0;0;-2.7;18.4;18.5;18.2
PAY;20.09.2026 00:00;17.2;26.7;9.6;17.3;32.2;7.1;60.1;11;969.8;1026.8;;;1028;1.2;6.5;4.3;23.4;6.3;22.7;;0;0;0;201;324;410;42;;592;86;2.9;0;233;0;0;-3.2;18.9;18.8;18.4
PAY;21.09.2026 00:00;16;23.7;9.2;16.1;29.6;5.6;66.1;11.6;970.3;1027.6;;;1028.6;1.9;7.2;6.8;25.9;7;25.2;;0;0;0;197;313;403;42;;486;71;2.9;0;48;0;0;-2.3;18.5;18.6;18.4
PAY;22.09.2026 00:00;15.3;23.1;7.9;15.4;28.1;4.4;50.8;8.1;968;1025.3;;;1026.1;3;10.4;10.8;37.4;9.9;35.6;;0;0;1;224;296;397;48;;682;100;3.8;0;44;0;0;-4.3;17.7;18;18
PAY;23.09.2026 00:00;14.5;23.9;5.7;15;30;2.4;61.3;9.7;967;1024.4;;;1025.1;1.2;5.2;4.3;18.7;5.1;18.4;;0;0;0;217;302;400;47;;671;99;2.7;0;0;0;0;-3.3;17.7;17.8;17.7
PAY;24.09.2026 00:00;15.5;24.4;7.7;14.9;28.8;4.7;67.2;11.4;966.4;1023.6;;;1024.5;1.1;4.7;4;16.9;4.5;16.2;;0;0;0;132;330;398;28;;129;19;2.1;0;76;0;0;-0.9;17.7;17.8;17.7
