station_abbr;reference_timestamp;tre200h0;tre200hn;tre200hx;tre005h0;tre005hn;ure200h0;pva200h0;tde200h0;prestah0;pp0qffh0;pp0qnhh0;ppz700h0;ppz850h0;fkl010h1;dkl010h0;fkl010h0;fu3010h0;fu3010h1;fkl010h3;fu3010h3;wcc006h0;fve010h0;rre150h0;htoauths;gre000h0;oli000h0;olo000h0;osr000h0;ods000h0;sre000h0;erefaoh0;tso005hs;tso010hs;tso020hs
PAY;25.09.2026 00:00;11.7;11.3;12.1;7.3;6.6;82.7;11.3;8.8;965.2;1023.1;1023.2;;;1.9;346;0.5;1.8;6.8;1.9;6.8;;;0;0;0;300;359;0;;0;-0.02;17.4;18;18
PAY;25.09.2026 01:00;10.7;10.3;11.4;6.7;6.4;87.8;11.3;8.8;965;1023.1;1023;;;0.7;225;0.2;0.7;2.5;0.7;2.5;;;0;0;0;297;355;0;;0;-0.024;17;17.7;17.9
PAY;25.09.2026 02:00;9.9;9.4;10.4;5.8;5.5;90.1;11;8.4;964.9;1023.1;1022.9;;;1.3;202;0.6;2.2;4.7;1.3;4.7;;;0;0;0;292;351;0;;0;-0.018;16.7;17.5;17.8
PAY;25.09.2026 03:00;8.9;8.3;9.4;5.5;5.1;94;10.7;8;964.8;1023.3;1022.8;;;1.4;189;0.6;2.2;5;1.4;5;;;0;1;0;288;348;0;;0;-0.022;16.3;17.2;17.6
PAY;25.09.2026 04:00;8.4;7.9;8.7;5.2;4.7;95.3;10.5;7.7;964.8;1023.4;1022.8;;;1.4;180;0.7;2.5;5;1.4;5;;;0;1;0;285;347;0;;0;-0.021;15.9;16.9;17.5
PAY;25.09.2026 05:00;7.5;7.3;7.8;4.7;3.9;96.8;10.1;7.1;964.9;1023.7;1022.9;;;1.2;146;0.5;1.8;4.3;1.2;4.3;;;0;1;0;284;345;0;;0;-0.019;15.6;16.7;17.4
PAY;25.09.2026 06:00;7.5;7;7.8;4.6;3.9;96.4;10;6.9;965.3;1024.2;1023.3;;;1.5;158;0.8;2.9;5.4;1.5;5.4;;;0;0;13;282;344;3;;4;-0.005;15.3;16.4;17.2
PAY;25.09.2026 07:00;9;7.4;10.4;10.1;7.5;94.1;10.8;8.1;965.5;1024.1;1023.5;;;1;90;0.2;0.7;3.6;1;3.6;;;0;0;133;284;363;33;;58;0.047;15.2;16.2;17.1
PAY;25.09.2026 08:00;11.8;10.9;12.9;16.3;14.2;84.6;11.7;9.3;965.6;1023.5;1023.6;;;1.3;288;0.4;1.4;4.7;1.3;4.7;;;0;0;323;290;393;72;;60;0.147;15.5;16.1;16.9
PAY;25.09.2026 09:00;14.2;13.1;15.2;20.2;19.1;74.8;12.1;9.8;965.4;1022.8;1023.4;;;2.7;337;1;3.6;9.7;2.6;9.4;;;0;0;488;296;423;106;;60;0.251;16;16.2;16.8
PAY;25.09.2026 10:00;16.3;15.5;17;23.5;22.1;66.6;12.3;10;965;1021.9;1023;;;3.3;17;1.3;4.7;11.9;3.2;11.5;;;0;0;613;303;450;129;;60;0.341;16.7;16.5;16.8
PAY;25.09.2026 11:00;18.3;17;19.5;25.5;24.8;59;12.3;10.1;964.5;1020.9;1022.5;;;4.2;9;1.7;6.1;15.1;4;14.4;;;0;0;683;310;470;140;;60;0.405;17.4;16.9;16.8
PAY;25.09.2026 12:00;19.6;18.6;20.5;27.2;26.8;50.6;11.6;9.1;964;1020.2;1021.9;;;3.8;10;1.5;5.4;13.7;3.7;13.3;;;0;0;702;314;483;144;;54;0.434;18.2;17.3;16.9
PAY;25.09.2026 13:00;21.7;21.2;22.2;29.1;28.5;42.3;10.9;8.3;963.4;1019.1;1021.3;;;2.6;18;1.1;4;9.4;2.5;9;;;0;0;678;320;495;143;;60;0.433;19;17.8;17
PAY;25.09.2026 14:00;22.7;21.9;23.1;29.5;29.3;36.7;10.1;7.1;963;1018.5;1020.9;;;3.1;6;1.3;4.7;11.2;3;10.8;;;0;0;573;322;489;126;;60;0.375;19.6;18.4;17.2
PAY;25.09.2026 15:00;23.2;22.8;23.8;28.8;28.5;34.7;9.9;6.8;962.8;1018.1;1020.7;;;2.8;10;1.4;5;10.1;2.7;9.7;;;0;0;445;326;475;102;;60;0.295;20.1;18.8;17.5
PAY;25.09.2026 16:00;23.1;22.7;23.3;27;26;38.6;10.9;8.3;962.8;1018.1;1020.7;;;3.3;360;1.8;6.5;11.9;3.2;11.5;;;0;0;290;329;452;73;;60;0.202;20.3;19.2;17.7
PAY;25.09.2026 17:00;22.1;21.3;22.8;23.1;20;36.4;9.7;6.4;963;1018.6;1020.9;;;2.5;360;1.3;4.7;9;2.5;9;;;0;0;117;327;425;34;;59;0.072;20.4;19.5;18
PAY;25.09.2026 18:00;18.4;16.6;21;14.4;11.5;51;10.7;7.9;963.4;1019.8;1021.3;;;1.6;18;0.4;1.4;5.8;1.5;5.4;;;0;0;5;323;391;0;;7;-0.01;20.1;19.5;18.2
PAY;25.09.2026 19:00;15.3;14.4;16.2;11.2;10.4;66.6;11.6;9.1;963.7;1020.7;1021.6;;;0.7;117;0.3;1.1;2.5;0.7;2.5;;;0;0;0;316;378;0;;0;-0.016;19.7;19.4;18.3
PAY;25.09.2026 20:00;13.8;13.3;14.2;9.4;9;68.1;10.8;8;964;1021.4;1022;;;1.8;188;0.8;2.9;6.5;1.8;6.5;;;0;0;0;311;369;0;;0;-0.011;19.1;19.2;18.4
